2968,EA339GA-11,10-30mm pipe cutter (1 blade),SUPER EGO,-,-,"Explosion -proof tools, water and gas piping work tools",-,-,-,Spain,-,"But it is a curve each of them feels, unmistakably. It is the parabola. They must have guessed, once or twice?guessed and refused to believe?that everything, always, collectively, had been moving toward that purified shape latent in the sky, that shape of no surprise, no second chance, no return. Yet they do move forever under it, reserved for its own black-and-white bad news certainly as if it were the rainbow, and they its children. . . .","
Maker MCC (Matsusaka Iron Works) 

Model number TWMA
260 

Total length 262mm 

Opening size 0
70mm 

Weight 280g 

Material aluminum alloy 
Aluminum alloy that is difficult to scratch 

Because the warm is removed from the main unit, quick size is possible. 

You can work with Tsurichi for the mounting nut.",200,500,10400,2400,3,https://www.esco-net.com/wcs/escort/ItemFile/EA3/EA339/EA339GA-11/EA339GA-11_IMG_WEB_OUT(01).jpg,https://www.esco-net.com/wcs/escort/ItemFile/EA3/EA339/EA339GA-11/EA339GA-11_IMG_WEB_OUT(01).jpg,https://www.esco-net.com/wcs/escort/ItemFile/EA3/EA339/EA339GA-11/EA339GA-11_IMG_WEB_OUT(01).jpg,,,,
2969,EA338RC,phi 12-63mm/255mm PE tube cutter (glachet type),RIDGID TOOL COMPANY,-,-,"Explosion -proof tools, water and gas piping work tools",-,-,-,China,-,"But it is a curve each of them feels, unmistakably. It is the parabola. They must have guessed, once or twice?guessed and refused to believe?that everything, always, collectively, had been moving toward that purified shape latent in the sky, that shape of no surprise, no second chance, no return. Yet they do move forever under it, reserved for its own black-and-white bad news certainly as if it were the rainbow, and they its children. . . .","
Maker MCC (Matsusaka Iron Works) 

Model number TWMA
260 

Total length 262mm 

Opening size 0
70mm 

Weight 280g 

Material aluminum alloy 
Aluminum alloy that is difficult to scratch 

Because the warm is removed from the main unit, quick size is possible. 

You can work with Tsurichi for the mounting nut.",200,500,14600,2400,3,https://www.esco-net.com/wcs/escort/ItemFile/EA3/EA338/EA338RC/EA338RC_IMG_WEB_OUT(01).jpg,https://www.esco-net.com/wcs/escort/ItemFile/EA3/EA338/EA338RC/EA338RC_IMG_WEB_OUT(01).jpg,https://www.esco-net.com/wcs/escort/ItemFile/EA3/EA338/EA338RC/EA338RC_IMG_WEB_OUT(01).jpg,,,,
2970,EA338FB-1,Replacement blade (for EA338FB/1 sheet),Fujiya,-,-,"Explosion -proof tools, water and gas piping work tools",-,-,-,Japan,-,"But it is a curve each of them feels, unmistakably. It is the parabola. They must have guessed, once or twice?guessed and refused to believe?that everything, always, collectively, had been moving toward that purified shape latent in the sky, that shape of no surprise, no second chance, no return. Yet they do move forever under it, reserved for its own black-and-white bad news certainly as if it were the rainbow, and they its children. . . .","
Maker MCC (Matsusaka Iron Works) 

Model number TWMA
260 

Total length 262mm 

Opening size 0
70mm 

Weight 280g 

Material aluminum alloy 
Aluminum alloy that is difficult to scratch 

Because the warm is removed from the main unit, quick size is possible. 

You can work with Tsurichi for the mounting nut.",200,500,1460,2400,3,https://www.esco-net.com/wcs/escort/ItemFile/EA3/EA338/EA338FB-1/EA338FB-1_IMG_WEB_OUT(01).jpg,https://www.esco-net.com/wcs/escort/ItemFile/EA3/EA338/EA338FB-1/EA338FB-1_IMG_WEB_OUT(01).jpg,https://www.esco-net.com/wcs/escort/ItemFile/EA3/EA338/EA338FB-1/EA338FB-1_IMG_WEB_OUT(01).jpg,,,,
2971,EA338BG-13,[For EA338BG-3] Cutter replacement blade,SUPER EGO,-,-,"Explosion -proof tools, water and gas piping work tools",-,-,-,Spain,-,"But it is a curve each of them feels, unmistakably. It is the parabola. They must have guessed, once or twice?guessed and refused to believe?that everything, always, collectively, had been moving toward that purified shape latent in the sky, that shape of no surprise, no second chance, no return. Yet they do move forever under it, reserved for its own black-and-white bad news certainly as if it were the rainbow, and they its children. . . .","
Maker MCC (Matsusaka Iron Works) 

Model number TWMA
260 

Total length 262mm 

Opening size 0
70mm 

Weight 280g 

Material aluminum alloy 
Aluminum alloy that is difficult to scratch 

Because the warm is removed from the main unit, quick size is possible. 

You can work with Tsurichi for the mounting nut.",200,500,4040,2400,3,https://www.esco-net.com/wcs/escort/ItemFile/EA3/EA338/EA338BG-13/EA338BG-13_IMG_WEB_OUT(01).jpg,https://www.esco-net.com/wcs/escort/ItemFile/EA3/EA338/EA338BG-13/EA338BG-13_IMG_WEB_OUT(01).jpg,https://www.esco-net.com/wcs/escort/ItemFile/EA3/EA338/EA338BG-13/EA338BG-13_IMG_WEB_OUT(01).jpg,,,,
2972,EA338BG-12,[For EA338BG-2] Cutter replacement blade,SUPER EGO,-,-,"Explosion -proof tools, water and gas piping work tools",-,-,-,Spain,-,"But it is a curve each of them feels, unmistakably. It is the parabola. They must have guessed, once or twice?guessed and refused to believe?that everything, always, collectively, had been moving toward that purified shape latent in the sky, that shape of no surprise, no second chance, no return. Yet they do move forever under it, reserved for its own black-and-white bad news certainly as if it were the rainbow, and they its children. . . .","
Maker MCC (Matsusaka Iron Works) 

Model number TWMA
260 

Total length 262mm 

Opening size 0
70mm 

Weight 280g 

Material aluminum alloy 
Aluminum alloy that is difficult to scratch 

Because the warm is removed from the main unit, quick size is possible. 

You can work with Tsurichi for the mounting nut.",200,500,1890,2400,3,https://www.esco-net.com/wcs/escort/ItemFile/EA3/EA338/EA338BG-12/EA338BG-12_IMG_WEB_OUT(01).jpg,https://www.esco-net.com/wcs/escort/ItemFile/EA3/EA338/EA338BG-12/EA338BG-12_IMG_WEB_OUT(01).jpg,https://www.esco-net.com/wcs/escort/ItemFile/EA3/EA338/EA338BG-12/EA338BG-12_IMG_WEB_OUT(01).jpg,,,,
2973,EA338BG-11,[For EA338BG-1] Cutter replacement blade,SUPER EGO,-,-,"Explosion -proof tools, water and gas piping work tools",-,-,-,-,-,"But it is a curve each of them feels, unmistakably. It is the parabola. They must have guessed, once or twice?guessed and refused to believe?that everything, always, collectively, had been moving toward that purified shape latent in the sky, that shape of no surprise, no second chance, no return. Yet they do move forever under it, reserved for its own black-and-white bad news certainly as if it were the rainbow, and they its children. . . .","
Maker MCC (Matsusaka Iron Works) 

Model number TWMA
260 

Total length 262mm 

Opening size 0
70mm 

Weight 280g 

Material aluminum alloy 
Aluminum alloy that is difficult to scratch 

Because the warm is removed from the main unit, quick size is possible. 

You can work with Tsurichi for the mounting nut.",200,500,10500,2400,3,https://www.esco-net.com/wcs/escort/ItemFile/EA3/EA338/EA338BG-11/EA338BG-11_IMG_WEB_OUT(01).jpg,https://www.esco-net.com/wcs/escort/ItemFile/EA3/EA338/EA338BG-11/EA338BG-11_IMG_WEB_OUT(01).jpg,https://www.esco-net.com/wcs/escort/ItemFile/EA3/EA338/EA338BG-11/EA338BG-11_IMG_WEB_OUT(01).jpg,,,,
2974,EA530ZD-1,70mm/260mm motor wrench (made by alloy),MCC,-,-,"Explosion -proof tools, water and gas piping work tools",-,-,-,Japan,-,"But it is a curve each of them feels, unmistakably. It is the parabola. They must have guessed, once or twice?guessed and refused to believe?that everything, always, collectively, had been moving toward that purified shape latent in the sky, that shape of no surprise, no second chance, no return. Yet they do move forever under it, reserved for its own black-and-white bad news certainly as if it were the rainbow, and they its children. . . .","
Maker MCC (Matsusaka Iron Works) 

Model number TWMA
260 

Total length 262mm 

Opening size 0
70mm 

Weight 280g 

Material aluminum alloy 
Aluminum alloy that is difficult to scratch 

Because the warm is removed from the main unit, quick size is possible. 

You can work with Tsurichi for the mounting nut.",200,500,3900,2400,3,https://www.esco-net.com/wcs/escort/ItemFile/EA5/EA530/EA530ZD-1/EA530ZD-1_IMG_WEB_OUT(01).jpg,https://www.esco-net.com/wcs/escort/ItemFile/EA5/EA530/EA530ZD-1/EA530ZD-1_IMG_WEB_OUT(01).jpg,https://www.esco-net.com/wcs/escort/ItemFile/EA5/EA530/EA530ZD-1/EA530ZD-1_IMG_WEB_OUT(01).jpg,,,,
2975,EA530ZC-2,76mm/280mm motor wrench,COOPER TOOLS,-,-,"Explosion -proof tools, water and gas piping work tools",-,-,-,China,-,"But it is a curve each of them feels, unmistakably. It is the parabola. They must have guessed, once or twice?guessed and refused to believe?that everything, always, collectively, had been moving toward that purified shape latent in the sky, that shape of no surprise, no second chance, no return. Yet they do move forever under it, reserved for its own black-and-white bad news certainly as if it were the rainbow, and they its children. . . .","
Maker MCC (Matsusaka Iron Works) 

Model number TWMA
260 

Total length 262mm 

Opening size 0
70mm 

Weight 280g 

Material aluminum alloy 
Aluminum alloy that is difficult to scratch 

Because the warm is removed from the main unit, quick size is possible. 

You can work with Tsurichi for the mounting nut.",200,500,11300,2400,3,https://www.esco-net.com/wcs/escort/ItemFile/EA5/EA530/EA530ZC-2/EA530ZC-2_IMG_WEB_OUT(01).jpg,https://www.esco-net.com/wcs/escort/ItemFile/EA5/EA530/EA530ZC-2/EA530ZC-2_IMG_WEB_OUT(01).jpg,https://www.esco-net.com/wcs/escort/ItemFile/EA5/EA530/EA530ZC-2/EA530ZC-2_IMG_WEB_OUT(01).jpg,,,,
2976,EA530ZB-11,16mm-68mm/242mm motor wrench (made of alloy alloy),Top,-,-,"Explosion -proof tools, water and gas piping work tools",-,-,-,Japan,-,"But it is a curve each of them feels, unmistakably. It is the parabola. They must have guessed, once or twice?guessed and refused to believe?that everything, always, collectively, had been moving toward that purified shape latent in the sky, that shape of no surprise, no second chance, no return. Yet they do move forever under it, reserved for its own black-and-white bad news certainly as if it were the rainbow, and they its children. . . .","
Maker MCC (Matsusaka Iron Works) 

Model number TWMA
260 

Total length 262mm 

Opening size 0
70mm 

Weight 280g 

Material aluminum alloy 
Aluminum alloy that is difficult to scratch 

Because the warm is removed from the main unit, quick size is possible. 

You can work with Tsurichi for the mounting nut.",200,500,4540,2400,3,https://www.esco-net.com/wcs/escort/ItemFile/EA5/EA530/EA530ZB-11/EA530ZB-11_IMG_WEB_OUT(01).jpg,https://www.esco-net.com/wcs/escort/ItemFile/EA5/EA530/EA530ZB-11/EA530ZB-11_IMG_WEB_OUT(01).jpg,https://www.esco-net.com/wcs/escort/ItemFile/EA5/EA530/EA530ZB-11/EA530ZB-11_IMG_WEB_OUT(01).jpg,,,,
2977,EA546DL-14,82mm/350mm Formed type Wide Press (aluminity),Top,-,-,"Explosion -proof tools, water and gas piping work tools",-,-,-,Japan,-,"But it is a curve each of them feels, unmistakably. It is the parabola. They must have guessed, once or twice?guessed and refused to believe?that everything, always, collectively, had been moving toward that purified shape latent in the sky, that shape of no surprise, no second chance, no return. Yet they do move forever under it, reserved for its own black-and-white bad news certainly as if it were the rainbow, and they its children. . . .","
Maker MCC (Matsusaka Iron Works) 

Model number TWMA
260 

Total length 262mm 

Opening size 0
70mm 

Weight 280g 

Material aluminum alloy 
Aluminum alloy that is difficult to scratch 

Because the warm is removed from the main unit, quick size is possible. 

You can work with Tsurichi for the mounting nut.",200,500,13000,2400,3,https://www.esco-net.com/wcs/escort/ItemFile/EA5/EA546/EA546DL-14/EA546DL-14_IMG_WEB_OUT(01).jpg,https://www.esco-net.com/wcs/escort/ItemFile/EA5/EA546/EA546DL-14/EA546DL-14_IMG_WEB_OUT(01).jpg,https://www.esco-net.com/wcs/escort/ItemFile/EA5/EA546/EA546DL-14/EA546DL-14_IMG_WEB_OUT(01).jpg,,,,
2978,EA546BD-200B,34mm/200mm pipe wrench,Hit,-,-,"Explosion -proof tools, water and gas piping work tools",-,-,-,Japan,-,"But it is a curve each of them feels, unmistakably. It is the parabola. They must have guessed, once or twice?guessed and refused to believe?that everything, always, collectively, had been moving toward that purified shape latent in the sky, that shape of no surprise, no second chance, no return. Yet they do move forever under it, reserved for its own black-and-white bad news certainly as if it were the rainbow, and they its children. . . .","
Maker MCC (Matsusaka Iron Works) 

Model number TWMA
260 

Total length 262mm 

Opening size 0
70mm 

Weight 280g 

Material aluminum alloy 
Aluminum alloy that is difficult to scratch 

Because the warm is removed from the main unit, quick size is possible. 

You can work with Tsurichi for the mounting nut.",200,500,3780,2400,3,https://www.esco-net.com/wcs/escort/ItemFile/EA5/EA546/EA546BD-200B/EA546BD-200B_IMG_WEB_OUT(01).jpg,https://www.esco-net.com/wcs/escort/ItemFile/EA5/EA546/EA546BD-200B/EA546BD-200B_IMG_WEB_OUT(01).jpg,https://www.esco-net.com/wcs/escort/ItemFile/EA5/EA546/EA546BD-200B/EA546BD-200B_IMG_WEB_OUT(01).jpg,,,,
2979,EA546WF-4,430mm flange wrench,MCC,-,-,"Explosion -proof tools, water and gas piping work tools",-,-,-,Japan,-,"But it is a curve each of them feels, unmistakably. It is the parabola. They must have guessed, once or twice?guessed and refused to believe?that everything, always, collectively, had been moving toward that purified shape latent in the sky, that shape of no surprise, no second chance, no return. Yet they do move forever under it, reserved for its own black-and-white bad news certainly as if it were the rainbow, and they its children. . . .","
Maker MCC (Matsusaka Iron Works) 

Model number TWMA
260 

Total length 262mm 

Opening size 0
70mm 

Weight 280g 

Material aluminum alloy 
Aluminum alloy that is difficult to scratch 

Because the warm is removed from the main unit, quick size is possible. 

You can work with Tsurichi for the mounting nut.",200,500,18000,2400,3,https://www.esco-net.com/wcs/escort/ItemFile/EA5/EA546/EA546WF-4/EA546WF-4_IMG_WEB_OUT(01).jpg,https://www.esco-net.com/wcs/escort/ItemFile/EA5/EA546/EA546WF-4/EA546WF-4_IMG_WEB_OUT(01).jpg,https://www.esco-net.com/wcs/escort/ItemFile/EA5/EA546/EA546WF-4/EA546WF-4_IMG_WEB_OUT(01).jpg,,,,
2980,EA546HD-450,77mm/450mm pipe wrench (off -set type/aluminity),SUPER EGO,-,-,"Explosion -proof tools, water and gas piping work tools",-,-,-,Spain,-,"But it is a curve each of them feels, unmistakably. It is the parabola. They must have guessed, once or twice?guessed and refused to believe?that everything, always, collectively, had been moving toward that purified shape latent in the sky, that shape of no surprise, no second chance, no return. Yet they do move forever under it, reserved for its own black-and-white bad news certainly as if it were the rainbow, and they its children. . . .","
Maker MCC (Matsusaka Iron Works) 

Model number TWMA
260 

Total length 262mm 

Opening size 0
70mm 

Weight 280g 

Material aluminum alloy 
Aluminum alloy that is difficult to scratch 

Because the warm is removed from the main unit, quick size is possible. 

You can work with Tsurichi for the mounting nut.",200,500,11700,2400,3,https://www.esco-net.com/wcs/escort/ItemFile/EA5/EA546/EA546HD-450/EA546HD-450_IMG_WEB_OUT(01).jpg,https://www.esco-net.com/wcs/escort/ItemFile/EA5/EA546/EA546HD-450/EA546HD-450_IMG_WEB_OUT(01).jpg,https://www.esco-net.com/wcs/escort/ItemFile/EA5/EA546/EA546HD-450/EA546HD-450_IMG_WEB_OUT(01).jpg,,,,
2981,EA546HB-200,28mm/200mm pipe wrench,SUPER EGO,-,-,"Explosion -proof tools, water and gas piping work tools",-,-,-,-,-,"But it is a curve each of them feels, unmistakably. It is the parabola. They must have guessed, once or twice?guessed and refused to believe?that everything, always, collectively, had been moving toward that purified shape latent in the sky, that shape of no surprise, no second chance, no return. Yet they do move forever under it, reserved for its own black-and-white bad news certainly as if it were the rainbow, and they its children. . . .","
Maker MCC (Matsusaka Iron Works) 

Model number TWMA
260 

Total length 262mm 

Opening size 0
70mm 

Weight 280g 

Material aluminum alloy 
Aluminum alloy that is difficult to scratch 

Because the warm is removed from the main unit, quick size is possible. 

You can work with Tsurichi for the mounting nut.",200,500,3330,2400,3,https://www.esco-net.com/wcs/escort/ItemFile/EA5/EA546/EA546HB-200/EA546HB-200_IMG_WEB_OUT(01).jpg,https://www.esco-net.com/wcs/escort/ItemFile/EA5/EA546/EA546HB-200/EA546HB-200_IMG_WEB_OUT(01).jpg,https://www.esco-net.com/wcs/escort/ItemFile/EA5/EA546/EA546HB-200/EA546HB-200_IMG_WEB_OUT(01).jpg,,,,
2982,EA643BE-30,30mm one -sided glasses wrench (Nons Parking),WEDO TOOLS,-,-,"Explosion -proof tools, water and gas piping work tools",-,-,-,China,-,"But it is a curve each of them feels, unmistakably. It is the parabola. They must have guessed, once or twice?guessed and refused to believe?that everything, always, collectively, had been moving toward that purified shape latent in the sky, that shape of no surprise, no second chance, no return. Yet they do move forever under it, reserved for its own black-and-white bad news certainly as if it were the rainbow, and they its children. . . .","
Maker MCC (Matsusaka Iron Works) 

Model number TWMA
260 

Total length 262mm 

Opening size 0
70mm 

Weight 280g 

Material aluminum alloy 
Aluminum alloy that is difficult to scratch 

Because the warm is removed from the main unit, quick size is possible. 

You can work with Tsurichi for the mounting nut.",200,500,12700,2400,3,https://www.esco-net.com/wcs/escort/ItemFile/EA6/EA643/EA643BE-30/EA643BE-30_IMG_WEB_OUT(01).jpg,https://www.esco-net.com/wcs/escort/ItemFile/EA6/EA643/EA643BE-30/EA643BE-30_IMG_WEB_OUT(01).jpg,https://www.esco-net.com/wcs/escort/ItemFile/EA6/EA643/EA643BE-30/EA643BE-30_IMG_WEB_OUT(01).jpg,,,,
2983,EA643BD-7,19x22mm both mouth glasses wrench (Nons Parking),WEDO TOOLS,-,-,"Explosion -proof tools, water and gas piping work tools",-,-,-,China,-,"But it is a curve each of them feels, unmistakably. It is the parabola. They must have guessed, once or twice?guessed and refused to believe?that everything, always, collectively, had been moving toward that purified shape latent in the sky, that shape of no surprise, no second chance, no return. Yet they do move forever under it, reserved for its own black-and-white bad news certainly as if it were the rainbow, and they its children. . . .","
Maker MCC (Matsusaka Iron Works) 

Model number TWMA
260 

Total length 262mm 

Opening size 0
70mm 

Weight 280g 

Material aluminum alloy 
Aluminum alloy that is difficult to scratch 

Because the warm is removed from the main unit, quick size is possible. 

You can work with Tsurichi for the mounting nut.",200,500,5030,2400,3,https://www.esco-net.com/wcs/escort/ItemFile/EA6/EA643/EA643BD-7/EA643BD-7_IMG_WEB_OUT(01).jpg,https://www.esco-net.com/wcs/escort/ItemFile/EA6/EA643/EA643BD-7/EA643BD-7_IMG_WEB_OUT(01).jpg,https://www.esco-net.com/wcs/escort/ItemFile/EA6/EA643/EA643BD-7/EA643BD-7_IMG_WEB_OUT(01).jpg,,,,
2984,EA643BC-7,27x30mm double -mouth spanner (Nons Participation/Powerful type),WEDO TOOLS,-,-,"Explosion -proof tools, water and gas piping work tools",-,-,-,China,-,"But it is a curve each of them feels, unmistakably. It is the parabola. They must have guessed, once or twice?guessed and refused to believe?that everything, always, collectively, had been moving toward that purified shape latent in the sky, that shape of no surprise, no second chance, no return. Yet they do move forever under it, reserved for its own black-and-white bad news certainly as if it were the rainbow, and they its children. . . .","
Maker MCC (Matsusaka Iron Works) 

Model number TWMA
260 

Total length 262mm 

Opening size 0
70mm 

Weight 280g 

Material aluminum alloy 
Aluminum alloy that is difficult to scratch 

Because the warm is removed from the main unit, quick size is possible. 

You can work with Tsurichi for the mounting nut.",200,500,13300,2400,3,https://www.esco-net.com/wcs/escort/ItemFile/EA6/EA643/EA643BC-7/EA643BC-7_IMG_WEB_OUT(01).jpg,https://www.esco-net.com/wcs/escort/ItemFile/EA6/EA643/EA643BC-7/EA643BC-7_IMG_WEB_OUT(01).jpg,https://www.esco-net.com/wcs/escort/ItemFile/EA6/EA643/EA643BC-7/EA643BC-7_IMG_WEB_OUT(01).jpg,,,,
2985,EA723LE-18,[For EA723LE-3A] 20-88mm torque head,Top,-,-,"Explosion -proof tools, water and gas piping work tools",-,-,-,Japan,-,"But it is a curve each of them feels, unmistakably. It is the parabola. They must have guessed, once or twice?guessed and refused to believe?that everything, always, collectively, had been moving toward that purified shape latent in the sky, that shape of no surprise, no second chance, no return. Yet they do move forever under it, reserved for its own black-and-white bad news certainly as if it were the rainbow, and they its children. . . .","
Maker MCC (Matsusaka Iron Works) 

Model number TWMA
260 

Total length 262mm 

Opening size 0
70mm 

Weight 280g 

Material aluminum alloy 
Aluminum alloy that is difficult to scratch 

Because the warm is removed from the main unit, quick size is possible. 

You can work with Tsurichi for the mounting nut.",200,500,23100,2400,3,https://www.esco-net.com/wcs/escort/ItemFile/EA7/EA723/EA723LE-18/EA723LE-18_IMG_WEB_OUT(01).jpg,https://www.esco-net.com/wcs/escort/ItemFile/EA7/EA723/EA723LE-18/EA723LE-18_IMG_WEB_OUT(01).jpg,https://www.esco-net.com/wcs/escort/ItemFile/EA7/EA723/EA723LE-18/EA723LE-18_IMG_WEB_OUT(01).jpg,,,,
2986,EA758HA-39,3W/ 600LM [Charging] Operation Light/ LED (Explosion -proof),Hataya ltd,-,-,"Explosion -proof tools, water and gas piping work tools",-,-,-,Japan,-,"But it is a curve each of them feels, unmistakably. It is the parabola. They must have guessed, once or twice?guessed and refused to believe?that everything, always, collectively, had been moving toward that purified shape latent in the sky, that shape of no surprise, no second chance, no return. Yet they do move forever under it, reserved for its own black-and-white bad news certainly as if it were the rainbow, and they its children. . . .","
Maker MCC (Matsusaka Iron Works) 

Model number TWMA
260 

Total length 262mm 

Opening size 0
70mm 

Weight 280g 

Material aluminum alloy 
Aluminum alloy that is difficult to scratch 

Because the warm is removed from the main unit, quick size is possible. 

You can work with Tsurichi for the mounting nut.",200,500,53000,2400,3,https://www.esco-net.com/wcs/escort/ItemFile/EA7/EA758/EA758HA-39/EA758HA-39_IMG_WEB_OUT(01).jpg,https://www.esco-net.com/wcs/escort/ItemFile/EA7/EA758/EA758HA-39/EA758HA-39_IMG_WEB_OUT(01).jpg,https://www.esco-net.com/wcs/escort/ItemFile/EA7/EA758/EA758HA-39/EA758HA-39_IMG_WEB_OUT(01).jpg,,,,
2987,EA758HA-34,[AA/3x3] Flashlight/LED (explosion -proof),Hataya ltd,-,-,"Explosion -proof tools, water and gas piping work tools",-,-,-,Japan,-,"But it is a curve each of them feels, unmistakably. It is the parabola. They must have guessed, once or twice?guessed and refused to believe?that everything, always, collectively, had been moving toward that purified shape latent in the sky, that shape of no surprise, no second chance, no return. Yet they do move forever under it, reserved for its own black-and-white bad news certainly as if it were the rainbow, and they its children. . . .","
Maker MCC (Matsusaka Iron Works) 

Model number TWMA
260 

Total length 262mm 

Opening size 0
70mm 

Weight 280g 

Material aluminum alloy 
Aluminum alloy that is difficult to scratch 

Because the warm is removed from the main unit, quick size is possible. 

You can work with Tsurichi for the mounting nut.",200,500,18500,2400,3,https://www.esco-net.com/wcs/escort/ItemFile/EA7/EA758/EA758HA-34/EA758HA-34_IMG_WEB_OUT(01).jpg,https://www.esco-net.com/wcs/escort/ItemFile/EA7/EA758/EA758HA-34/EA758HA-34_IMG_WEB_OUT(01).jpg,https://www.esco-net.com/wcs/escort/ItemFile/EA7/EA758/EA758HA-34/EA758HA-34_IMG_WEB_OUT(01).jpg,,,,
2988,EA758HA-32,[AA 1x3] Work Light/LED (explosion -proof type),Hataya ltd,-,-,"Explosion -proof tools, water and gas piping work tools",-,-,-,Japan,-,"But it is a curve each of them feels, unmistakably. It is the parabola. They must have guessed, once or twice?guessed and refused to believe?that everything, always, collectively, had been moving toward that purified shape latent in the sky, that shape of no surprise, no second chance, no return. Yet they do move forever under it, reserved for its own black-and-white bad news certainly as if it were the rainbow, and they its children. . . .","
Maker MCC (Matsusaka Iron Works) 

Model number TWMA
260 

Total length 262mm 

Opening size 0
70mm 

Weight 280g 

Material aluminum alloy 
Aluminum alloy that is difficult to scratch 

Because the warm is removed from the main unit, quick size is possible. 

You can work with Tsurichi for the mounting nut.",200,500,36200,2400,3,https://www.esco-net.com/wcs/escort/ItemFile/EA7/EA758/EA758HA-32/EA758HA-32_IMG_WEB_OUT(01).jpg,https://www.esco-net.com/wcs/escort/ItemFile/EA7/EA758/EA758HA-32/EA758HA-32_IMG_WEB_OUT(01).jpg,https://www.esco-net.com/wcs/escort/ItemFile/EA7/EA758/EA758HA-32/EA758HA-32_IMG_WEB_OUT(01).jpg,,,,
2989,EA758HA-31,[A single 1x3] Work Light/LED (explosion -proof/marine specification),Hataya ltd,-,-,"Explosion -proof tools, water and gas piping work tools",-,-,-,Japan,-,"But it is a curve each of them feels, unmistakably. It is the parabola. They must have guessed, once or twice?guessed and refused to believe?that everything, always, collectively, had been moving toward that purified shape latent in the sky, that shape of no surprise, no second chance, no return. Yet they do move forever under it, reserved for its own black-and-white bad news certainly as if it were the rainbow, and they its children. . . .","
Maker MCC (Matsusaka Iron Works) 

Model number TWMA
260 

Total length 262mm 

Opening size 0
70mm 

Weight 280g 

Material aluminum alloy 
Aluminum alloy that is difficult to scratch 

Because the warm is removed from the main unit, quick size is possible. 

You can work with Tsurichi for the mounting nut.",200,500,60400,2400,3,https://www.esco-net.com/wcs/escort/ItemFile/EA7/EA758/EA758HA-31/EA758HA-31_IMG_WEB_OUT(01).jpg,https://www.esco-net.com/wcs/escort/ItemFile/EA7/EA758/EA758HA-31/EA758HA-31_IMG_WEB_OUT(01).jpg,https://www.esco-net.com/wcs/escort/ItemFile/EA7/EA758/EA758HA-31/EA758HA-31_IMG_WEB_OUT(01).jpg,,,,
2990,EA338EA-2B,Replacement blade (for EA338EA-2/1 sheet),EDMA,-,-,"Electrical construction tools, insulation tools, construction site work lights",-,-,-,Japan,-,"But it is a curve each of them feels, unmistakably. It is the parabola. They must have guessed, once or twice?guessed and refused to believe?that everything, always, collectively, had been moving toward that purified shape latent in the sky, that shape of no surprise, no second chance, no return. Yet they do move forever under it, reserved for its own black-and-white bad news certainly as if it were the rainbow, and they its children. . . .","
Maker MCC (Matsusaka Iron Works) 

Model number TWMA
260 

Total length 262mm 

Opening size 0
70mm 

Weight 280g 

Material aluminum alloy 
Aluminum alloy that is difficult to scratch 

Because the warm is removed from the main unit, quick size is possible. 

You can work with Tsurichi for the mounting nut.",200,500,2260,2400,3,https://www.esco-net.com/wcs/escort/ItemFile/EA3/EA338/EA338EA-2B/EA338EA-2B_IMG_WEB_OUT(01).jpg,https://www.esco-net.com/wcs/escort/ItemFile/EA3/EA338/EA338EA-2B/EA338EA-2B_IMG_WEB_OUT(01).jpg,https://www.esco-net.com/wcs/escort/ItemFile/EA3/EA338/EA338EA-2B/EA338EA-2B_IMG_WEB_OUT(01).jpg,,,,
2991,EA338EA-1,240mm mall cutter,EDMA,-,-,"Electrical construction tools, insulation tools, construction site work lights",-,-,-,Japan,-,"But it is a curve each of them feels, unmistakably. It is the parabola. They must have guessed, once or twice?guessed and refused to believe?that everything, always, collectively, had been moving toward that purified shape latent in the sky, that shape of no surprise, no second chance, no return. Yet they do move forever under it, reserved for its own black-and-white bad news certainly as if it were the rainbow, and they its children. . . .","
Maker MCC (Matsusaka Iron Works) 

Model number TWMA
260 

Total length 262mm 

Opening size 0
70mm 

Weight 280g 

Material aluminum alloy 
Aluminum alloy that is difficult to scratch 

Because the warm is removed from the main unit, quick size is possible. 

You can work with Tsurichi for the mounting nut.",200,500,5480,2400,3,https://www.esco-net.com/wcs/escort/ItemFile/EA3/EA338/EA338EA-1/EA338EA-1_IMG_WEB_OUT(01).jpg,https://www.esco-net.com/wcs/escort/ItemFile/EA3/EA338/EA338EA-1/EA338EA-1_IMG_WEB_OUT(01).jpg,https://www.esco-net.com/wcs/escort/ItemFile/EA3/EA338/EA338EA-1/EA338EA-1_IMG_WEB_OUT(01).jpg,,,,
2992,EA530H-200,200mm/30mm Monkey Lench (insulated glass),IREGA,-,-,"Electrical construction tools, insulation tools, construction site work lights",-,-,-,Japan,-,"But it is a curve each of them feels, unmistakably. It is the parabola. They must have guessed, once or twice?guessed and refused to believe?that everything, always, collectively, had been moving toward that purified shape latent in the sky, that shape of no surprise, no second chance, no return. Yet they do move forever under it, reserved for its own black-and-white bad news certainly as if it were the rainbow, and they its children. . . .","
Maker MCC (Matsusaka Iron Works) 

Model number TWMA
260 

Total length 262mm 

Opening size 0
70mm 

Weight 280g 

Material aluminum alloy 
Aluminum alloy that is difficult to scratch 

Because the warm is removed from the main unit, quick size is possible. 

You can work with Tsurichi for the mounting nut.",200,500,4590,2400,3,https://www.esco-net.com/wcs/escort/ItemFile/EA5/EA530/EA530H-200/EA530H-200_IMG_WEB_OUT(01).jpg,https://www.esco-net.com/wcs/escort/ItemFile/EA5/EA530/EA530H-200/EA530H-200_IMG_WEB_OUT(01).jpg,https://www.esco-net.com/wcs/escort/ItemFile/EA5/EA530/EA530H-200/EA530H-200_IMG_WEB_OUT(01).jpg,,,,
2993,EA527AE-1B,[For EA527AE-1] replacement blade,Minor Industries,-,-,"Electrical construction tools, insulation tools, construction site work lights",-,-,-,Japan,-,"But it is a curve each of them feels, unmistakably. It is the parabola. They must have guessed, once or twice?guessed and refused to believe?that everything, always, collectively, had been moving toward that purified shape latent in the sky, that shape of no surprise, no second chance, no return. Yet they do move forever under it, reserved for its own black-and-white bad news certainly as if it were the rainbow, and they its children. . . .","
Maker MCC (Matsusaka Iron Works) 

Model number TWMA
260 

Total length 262mm 

Opening size 0
70mm 

Weight 280g 

Material aluminum alloy 
Aluminum alloy that is difficult to scratch 

Because the warm is removed from the main unit, quick size is possible. 

You can work with Tsurichi for the mounting nut.",200,500,2450,2400,3,https://www.esco-net.com/wcs/escort/ItemFile/EA5/EA527/EA527AE-1B/EA527AE-1B_IMG_WEB_OUT(01).jpg,https://www.esco-net.com/wcs/escort/ItemFile/EA5/EA527/EA527AE-1B/EA527AE-1B_IMG_WEB_OUT(01).jpg,https://www.esco-net.com/wcs/escort/ItemFile/EA5/EA527/EA527AE-1B/EA527AE-1B_IMG_WEB_OUT(01).jpg,,,,
2994,EA527AB-2A,[For EA527AB-2] replacement blade,Fujiya,-,-,"Electrical construction tools, insulation tools, construction site work lights",-,-,-,Japan,-,"But it is a curve each of them feels, unmistakably. It is the parabola. They must have guessed, once or twice?guessed and refused to believe?that everything, always, collectively, had been moving toward that purified shape latent in the sky, that shape of no surprise, no second chance, no return. Yet they do move forever under it, reserved for its own black-and-white bad news certainly as if it were the rainbow, and they its children. . . .","
Maker MCC (Matsusaka Iron Works) 

Model number TWMA
260 

Total length 262mm 

Opening size 0
70mm 

Weight 280g 

Material aluminum alloy 
Aluminum alloy that is difficult to scratch 

Because the warm is removed from the main unit, quick size is possible. 

You can work with Tsurichi for the mounting nut.",200,500,5230,2400,3,https://www.esco-net.com/wcs/escort/ItemFile/EA5/EA527/EA527AB-2A/EA527AB-2A_IMG_WEB_OUT(01).jpg,https://www.esco-net.com/wcs/escort/ItemFile/EA5/EA527/EA527AB-2A/EA527AB-2A_IMG_WEB_OUT(01).jpg,https://www.esco-net.com/wcs/escort/ItemFile/EA5/EA527/EA527AB-2A/EA527AB-2A_IMG_WEB_OUT(01).jpg,,,,
2995,EA527AA-6,[EA527AA-1 for],Koyama knife factory,-,-,"Electrical construction tools, insulation tools, construction site work lights",-,-,-,Japan,-,"But it is a curve each of them feels, unmistakably. It is the parabola. They must have guessed, once or twice?guessed and refused to believe?that everything, always, collectively, had been moving toward that purified shape latent in the sky, that shape of no surprise, no second chance, no return. Yet they do move forever under it, reserved for its own black-and-white bad news certainly as if it were the rainbow, and they its children. . . .","
Maker MCC (Matsusaka Iron Works) 

Model number TWMA
260 

Total length 262mm 

Opening size 0
70mm 

Weight 280g 

Material aluminum alloy 
Aluminum alloy that is difficult to scratch 

Because the warm is removed from the main unit, quick size is possible. 

You can work with Tsurichi for the mounting nut.",200,500,12400,2400,3,https://www.esco-net.com/wcs/escort/ItemFile/EA5/EA527/EA527AA-6/EA527AA-6_IMG_WEB_OUT(01).jpg,https://www.esco-net.com/wcs/escort/ItemFile/EA5/EA527/EA527AA-6/EA527AA-6_IMG_WEB_OUT(01).jpg,https://www.esco-net.com/wcs/escort/ItemFile/EA5/EA527/EA527AA-6/EA527AA-6_IMG_WEB_OUT(01).jpg,,,,
2996,EA527AA-23,[EA527AA-21] for fixed blade,Koyama knife factory,-,-,"Electrical construction tools, insulation tools, construction site work lights",-,-,-,Japan,-,"But it is a curve each of them feels, unmistakably. It is the parabola. They must have guessed, once or twice?guessed and refused to believe?that everything, always, collectively, had been moving toward that purified shape latent in the sky, that shape of no surprise, no second chance, no return. Yet they do move forever under it, reserved for its own black-and-white bad news certainly as if it were the rainbow, and they its children. . . .","
Maker MCC (Matsusaka Iron Works) 

Model number TWMA
260 

Total length 262mm 

Opening size 0
70mm 

Weight 280g 

Material aluminum alloy 
Aluminum alloy that is difficult to scratch 

Because the warm is removed from the main unit, quick size is possible. 

You can work with Tsurichi for the mounting nut.",200,500,18700,2400,3,https://www.esco-net.com/wcs/escort/ItemFile/EA5/EA527/EA527AA-23/EA527AA-23_IMG_WEB_OUT(01).jpg,https://www.esco-net.com/wcs/escort/ItemFile/EA5/EA527/EA527AA-23/EA527AA-23_IMG_WEB_OUT(01).jpg,https://www.esco-net.com/wcs/escort/ItemFile/EA5/EA527/EA527AA-23/EA527AA-23_IMG_WEB_OUT(01).jpg,,,,
2997,EA338KP-1,Replacement blade (for EA338LA/1 sheet),Kowa Chemical,-,-,"Electrical construction tools, insulation tools, construction site work lights",-,-,-,Japan,-,"But it is a curve each of them feels, unmistakably. It is the parabola. They must have guessed, once or twice?guessed and refused to believe?that everything, always, collectively, had been moving toward that purified shape latent in the sky, that shape of no surprise, no second chance, no return. Yet they do move forever under it, reserved for its own black-and-white bad news certainly as if it were the rainbow, and they its children. . . .","
Maker MCC (Matsusaka Iron Works) 

Model number TWMA
260 

Total length 262mm 

Opening size 0
70mm 

Weight 280g 

Material aluminum alloy 
Aluminum alloy that is difficult to scratch 

Because the warm is removed from the main unit, quick size is possible. 

You can work with Tsurichi for the mounting nut.",200,500,9180,2400,3,https://www.esco-net.com/wcs/escort/ItemFile/EA3/EA338/EA338LA-1/EA338LA-1_IMG_WEB_OUT(01).jpg,https://www.esco-net.com/wcs/escort/ItemFile/EA3/EA338/EA338LA-1/EA338LA-1_IMG_WEB_OUT(01).jpg,https://www.esco-net.com/wcs/escort/ItemFile/EA3/EA338/EA338LA-1/EA338LA-1_IMG_WEB_OUT(01).jpg,,,,
2998,EA532DG-160,160mm Screw Pliers (Nejiza Villes/OD color),Engineer,-,-,"Electrical construction tools, insulation tools, construction site work lights",-,-,-,Japan,-,"But it is a curve each of them feels, unmistakably. It is the parabola. They must have guessed, once or twice?guessed and refused to believe?that everything, always, collectively, had been moving toward that purified shape latent in the sky, that shape of no surprise, no second chance, no return. Yet they do move forever under it, reserved for its own black-and-white bad news certainly as if it were the rainbow, and they its children. . . .","
Maker MCC (Matsusaka Iron Works) 

Model number TWMA
260 

Total length 262mm 

Opening size 0
70mm 

Weight 280g 

Material aluminum alloy 
Aluminum alloy that is difficult to scratch 

Because the warm is removed from the main unit, quick size is possible. 

You can work with Tsurichi for the mounting nut.",200,500,3250,2400,3,https://www.esco-net.com/wcs/escort/ItemFile/EA5/EA532/EA532DG-160/EA532DG-160_IMG_WEB_OUT(01).jpg,https://www.esco-net.com/wcs/escort/ItemFile/EA5/EA532/EA532DG-160/EA532DG-160_IMG_WEB_OUT(01).jpg,https://www.esco-net.com/wcs/escort/ItemFile/EA5/EA532/EA532DG-160/EA532DG-160_IMG_WEB_OUT(01).jpg,,,,
2999,EA532DF-190,190mm [Radio Pench type] Nejizaurus,Engineer,-,-,"Electrical construction tools, insulation tools, construction site work lights",-,-,-,Japan,-,"But it is a curve each of them feels, unmistakably. It is the parabola. They must have guessed, once or twice?guessed and refused to believe?that everything, always, collectively, had been moving toward that purified shape latent in the sky, that shape of no surprise, no second chance, no return. Yet they do move forever under it, reserved for its own black-and-white bad news certainly as if it were the rainbow, and they its children. . . .","
Maker MCC (Matsusaka Iron Works) 

Model number TWMA
260 

Total length 262mm 

Opening size 0
70mm 

Weight 280g 

Material aluminum alloy 
Aluminum alloy that is difficult to scratch 

Because the warm is removed from the main unit, quick size is possible. 

You can work with Tsurichi for the mounting nut.",200,500,3120,2400,3,https://www.esco-net.com/wcs/escort/ItemFile/EA5/EA532/EA532DF-190/EA532DF-190_IMG_WEB_OUT(01).jpg,https://www.esco-net.com/wcs/escort/ItemFile/EA5/EA532/EA532DF-190/EA532DF-190_IMG_WEB_OUT(01).jpg,https://www.esco-net.com/wcs/escort/ItemFile/EA5/EA532/EA532DF-190/EA532DF-190_IMG_WEB_OUT(01).jpg,,,,
3000,EA532DE-22,Screw pliers set,Engineer,-,-,"Electrical construction tools, insulation tools, construction site work lights",-,-,-,Japan,-,"But it is a curve each of them feels, unmistakably. It is the parabola. They must have guessed, once or twice?guessed and refused to believe?that everything, always, collectively, had been moving toward that purified shape latent in the sky, that shape of no surprise, no second chance, no return. Yet they do move forever under it, reserved for its own black-and-white bad news certainly as if it were the rainbow, and they its children. . . .","
Maker MCC (Matsusaka Iron Works) 

Model number TWMA
260 

Total length 262mm 

Opening size 0
70mm 

Weight 280g 

Material aluminum alloy 
Aluminum alloy that is difficult to scratch 

Because the warm is removed from the main unit, quick size is possible. 

You can work with Tsurichi for the mounting nut.",200,500,9550,2400,3,https://www.esco-net.com/wcs/escort/ItemFile/EA5/EA532/EA532DE-22/EA532DE-22_IMG_WEB_OUT(01).jpg,https://www.esco-net.com/wcs/escort/ItemFile/EA5/EA532/EA532DE-22/EA532DE-22_IMG_WEB_OUT(01).jpg,https://www.esco-net.com/wcs/escort/ItemFile/EA5/EA532/EA532DE-22/EA532DE-22_IMG_WEB_OUT(01).jpg,,,,
3001,EA532DE-21,Screw pliers set,Engineer,-,-,"Electrical construction tools, insulation tools, construction site work lights",-,-,-,Japan,-,"But it is a curve each of them feels, unmistakably. It is the parabola. They must have guessed, once or twice?guessed and refused to believe?that everything, always, collectively, had been moving toward that purified shape latent in the sky, that shape of no surprise, no second chance, no return. Yet they do move forever under it, reserved for its own black-and-white bad news certainly as if it were the rainbow, and they its children. . . .","
Maker MCC (Matsusaka Iron Works) 

Model number TWMA
260 

Total length 262mm 

Opening size 0
70mm 

Weight 280g 

Material aluminum alloy 
Aluminum alloy that is difficult to scratch 

Because the warm is removed from the main unit, quick size is possible. 

You can work with Tsurichi for the mounting nut.",200,500,14800,2400,3,https://www.esco-net.com/wcs/escort/ItemFile/EA5/EA532/EA532DE-21/EA532DE-21_IMG_WEB_OUT(01).jpg,https://www.esco-net.com/wcs/escort/ItemFile/EA5/EA532/EA532DE-21/EA532DE-21_IMG_WEB_OUT(01).jpg,https://www.esco-net.com/wcs/escort/ItemFile/EA5/EA532/EA532DE-21/EA532DE-21_IMG_WEB_OUT(01).jpg,,,,
3002,EA532DE-20,Screw pliers set,Engineer,-,-,"Electrical construction tools, insulation tools, construction site work lights",-,-,-,Japan,-,"But it is a curve each of them feels, unmistakably. It is the parabola. They must have guessed, once or twice?guessed and refused to believe?that everything, always, collectively, had been moving toward that purified shape latent in the sky, that shape of no surprise, no second chance, no return. Yet they do move forever under it, reserved for its own black-and-white bad news certainly as if it were the rainbow, and they its children. . . .","
Maker MCC (Matsusaka Iron Works) 

Model number TWMA
260 

Total length 262mm 

Opening size 0
70mm 

Weight 280g 

Material aluminum alloy 
Aluminum alloy that is difficult to scratch 

Because the warm is removed from the main unit, quick size is possible. 

You can work with Tsurichi for the mounting nut.",200,500,7200,2400,3,https://www.esco-net.com/wcs/escort/ItemFile/EA5/EA532/EA532DE-20/EA532DE-20_IMG_WEB_OUT(01).jpg,https://www.esco-net.com/wcs/escort/ItemFile/EA5/EA532/EA532DE-20/EA532DE-20_IMG_WEB_OUT(01).jpg,https://www.esco-net.com/wcs/escort/ItemFile/EA5/EA532/EA532DE-20/EA532DE-20_IMG_WEB_OUT(01).jpg,,,,
3003,EA532DE-10,Prior scissors,Engineer,-,-,"Electrical construction tools, insulation tools, construction site work lights",-,-,-,Japan,-,"But it is a curve each of them feels, unmistakably. It is the parabola. They must have guessed, once or twice?guessed and refused to believe?that everything, always, collectively, had been moving toward that purified shape latent in the sky, that shape of no surprise, no second chance, no return. Yet they do move forever under it, reserved for its own black-and-white bad news certainly as if it were the rainbow, and they its children. . . .","
Maker MCC (Matsusaka Iron Works) 

Model number TWMA
260 

Total length 262mm 

Opening size 0
70mm 

Weight 280g 

Material aluminum alloy 
Aluminum alloy that is difficult to scratch 

Because the warm is removed from the main unit, quick size is possible. 

You can work with Tsurichi for the mounting nut.",200,500,5780,2400,3,https://www.esco-net.com/wcs/escort/ItemFile/EA5/EA532/EA532DE-10/EA532DE-10_IMG_WEB_OUT(01).jpg,https://www.esco-net.com/wcs/escort/ItemFile/EA5/EA532/EA532DE-10/EA532DE-10_IMG_WEB_OUT(01).jpg,https://www.esco-net.com/wcs/escort/ItemFile/EA5/EA532/EA532DE-10/EA532DE-10_IMG_WEB_OUT(01).jpg,,,,
,,,,,,,,,,,,,,,,,,,,,,,,,
,,,,,,,,,,,,,,,,,,,,,,,,,
,,,,,,,,,,,,,,,,,,,,,,,,,
,,,,,,,,,,,,,,,,,,,,,,,,,
,,,,,,,,,,,,,,,,,,,,,,,,,
,,,,,,,,,,,,,,,,,,,,,,,,,
,,,,,,,,,,,,,,,,,,,,,,,,,
,,,,,,,,,,,,,,,,,,,,,,,,,
,,,,,,,,,,,,,,,,,,,,,,,,,
,,,,,,,,,,,,,,,,,,,,,,,,,
,,,,,,,,,,,,,,,,,,,,,,,,,
,,,,,,,,,,,,,,,,,,,,,,,,,
,,,,,,,,,,,,,,,,,,,,,,,,,
,,,,,,,,,,,,,,,,,,,,,,,,,
