10243,EA339GA-11,10-30mm pipe cutter (1 blade),SUPER EGO ,-,-,Tool sets,,,,Spain,-,"But it is a curve each of them feels, unmistakably. It is the parabola. They must have guessed, once or twice—guessed and refused to believe—that everything, always, collectively, had been moving toward that purified shape latent in the sky, that shape of no surprise, no second chance, no return. Yet they do move forever under it, reserved for its own black-and-white bad news certainly as if it were the rainbow, and they its children. . . ."," Maker MCC (Matsusaka Iron Works)  Model number TWMA-260  Total length 262mm  Opening size 0-70mm  Weight 280g  Material aluminum alloy  Aluminum alloy that is difficult to scratch   Because the warm is removed from the main unit, quick size is possible.  You can work with Tsurichi for the mounting nut. ",200,500,10400,2400,3,https://www.esco-net.com/wcs/escort/ItemFile/EA3/EA339/EA339GA-11/EA339GA-11_IMG_WEB_OUT(01).jpg,https://www.esco-net.com/wcs/escort/ItemFile/EA3/EA339/EA339GA-11/EA339GA-11_IMG_WEB_OUT(01).jpg,https://www.esco-net.com/wcs/escort/ItemFile/EA3/EA339/EA339GA-11/EA339GA-11_IMG_WEB_OUT(01).jpg
10244,EA338RC,ρE2-63mm/255mm PE tube cutter (glachet type),RIDGID TOOL COMPANY,-,-,Tool sets,,,China,,-,"But it is a curve each of them feels, unmistakably. It is the parabola. They must have guessed, once or twice—guessed and refused to believe—that everything, always, collectively, had been moving toward that purified shape latent in the sky, that shape of no surprise, no second chance, no return. Yet they do move forever under it, reserved for its own black-and-white bad news certainly as if it were the rainbow, and they its children. . . ."," Maker MCC (Matsusaka Iron Works)  Model number TWMA-260  Total length 262mm  Opening size 0-70mm  Weight 280g  Material aluminum alloy  Aluminum alloy that is difficult to scratch   Because the warm is removed from the main unit, quick size is possible.  You can work with Tsurichi for the mounting nut. ",200,500,14600,2402,3,https://www.esco-net.com/wcs/escort/ItemFile/EA3/EA338/EA338RC/EA338RC_IMG_WEB_OUT(01).jpg,https://www.esco-net.com/wcs/escort/ItemFile/EA3/EA339/EA339GA-11/EA339GA-11_IMG_WEB_OUT(01).jpg,https://www.esco-net.com/wcs/escort/ItemFile/EA3/EA339/EA339GA-11/EA339GA-11_IMG_WEB_OUT(01).jpg
10245,EA338FB-1,Replacement blade (for EA338FB/1 sheet),Victor,-,-,Tool sets,,,Japan,,-,"But it is a curve each of them feels, unmistakably. It is the parabola. They must have guessed, once or twice—guessed and refused to believe—that everything, always, collectively, had been moving toward that purified shape latent in the sky, that shape of no surprise, no second chance, no return. Yet they do move forever under it, reserved for its own black-and-white bad news certainly as if it were the rainbow, and they its children. . . ."," Maker MCC (Matsusaka Iron Works)  Model number TWMA-260  Total length 262mm  Opening size 0-70mm  Weight 280g  Material aluminum alloy  Aluminum alloy that is difficult to scratch   Because the warm is removed from the main unit, quick size is possible.  You can work with Tsurichi for the mounting nut. ",200,500,1460,2403,3,https://www.esco-net.com/wcs/escort/ItemFile/EA3/EA338/EA338FB-1/EA338FB-1_IMG_WEB_OUT(01).jpg,https://www.esco-net.com/wcs/escort/ItemFile/EA3/EA339/EA339GA-11/EA339GA-11_IMG_WEB_OUT(01).jpg,https://www.esco-net.com/wcs/escort/ItemFile/EA3/EA339/EA339GA-11/EA339GA-11_IMG_WEB_OUT(01).jpg
10246,EA338BG-13,[For EA338BG-3] Cutter replacement blade,SUPER EGO ,-,-,Tool sets,,,,Spain,-,"But it is a curve each of them feels, unmistakably. It is the parabola. They must have guessed, once or twice—guessed and refused to believe—that everything, always, collectively, had been moving toward that purified shape latent in the sky, that shape of no surprise, no second chance, no return. Yet they do move forever under it, reserved for its own black-and-white bad news certainly as if it were the rainbow, and they its children. . . ."," Maker MCC (Matsusaka Iron Works)  Model number TWMA-260  Total length 262mm  Opening size 0-70mm  Weight 280g  Material aluminum alloy  Aluminum alloy that is difficult to scratch   Because the warm is removed from the main unit, quick size is possible.  You can work with Tsurichi for the mounting nut. ",200,500,4040,2404,3,https://www.esco-net.com/wcs/escort/ItemFile/EA3/EA338/EA338BG-13/EA338BG-13_IMG_WEB_OUT(01).jpg,https://www.esco-net.com/wcs/escort/ItemFile/EA3/EA339/EA339GA-11/EA339GA-11_IMG_WEB_OUT(01).jpg,https://www.esco-net.com/wcs/escort/ItemFile/EA3/EA339/EA339GA-11/EA339GA-11_IMG_WEB_OUT(01).jpg
10247,EA338BG-12,[For EA338BG-2] Cutter replacement blade,SUPER EGO ,-,-,Tool sets,,,,Spain,-,"But it is a curve each of them feels, unmistakably. It is the parabola. They must have guessed, once or twice—guessed and refused to believe—that everything, always, collectively, had been moving toward that purified shape latent in the sky, that shape of no surprise, no second chance, no return. Yet they do move forever under it, reserved for its own black-and-white bad news certainly as if it were the rainbow, and they its children. . . ."," Maker MCC (Matsusaka Iron Works)  Model number TWMA-260  Total length 262mm  Opening size 0-70mm  Weight 280g  Material aluminum alloy  Aluminum alloy that is difficult to scratch   Because the warm is removed from the main unit, quick size is possible.  You can work with Tsurichi for the mounting nut. ",200,500,1890,2405,3,https://www.esco-net.com/wcs/escort/ItemFile/EA3/EA338/EA338BG-12/EA338BG-12_IMG_WEB_OUT(01).jpg,https://www.esco-net.com/wcs/escort/ItemFile/EA3/EA339/EA339GA-11/EA339GA-11_IMG_WEB_OUT(01).jpg,https://www.esco-net.com/wcs/escort/ItemFile/EA3/EA339/EA339GA-11/EA339GA-11_IMG_WEB_OUT(01).jpg
10248,EA338BG-11,[For EA338BG-1] Cutter replacement blade,SUPER EGO ,-,-,Tool sets,,,,-,-,"But it is a curve each of them feels, unmistakably. It is the parabola. They must have guessed, once or twice—guessed and refused to believe—that everything, always, collectively, had been moving toward that purified shape latent in the sky, that shape of no surprise, no second chance, no return. Yet they do move forever under it, reserved for its own black-and-white bad news certainly as if it were the rainbow, and they its children. . . ."," Maker MCC (Matsusaka Iron Works)  Model number TWMA-260  Total length 262mm  Opening size 0-70mm  Weight 280g  Material aluminum alloy  Aluminum alloy that is difficult to scratch   Because the warm is removed from the main unit, quick size is possible.  You can work with Tsurichi for the mounting nut. ",200,500,10500,2406,3,https://www.esco-net.com/wcs/escort/ItemFile/EA3/EA338/EA338BG-11/EA338BG-11_IMG_WEB_OUT(01).jpg,https://www.esco-net.com/wcs/escort/ItemFile/EA3/EA339/EA339GA-11/EA339GA-11_IMG_WEB_OUT(01).jpg,https://www.esco-net.com/wcs/escort/ItemFile/EA3/EA339/EA339GA-11/EA339GA-11_IMG_WEB_OUT(01).jpg
10249,EA530ZD-1,70mm/260mm motor wrench (made by alloy),MCC,-,-,Tool sets,,,,Japan,-,"But it is a curve each of them feels, unmistakably. It is the parabola. They must have guessed, once or twice—guessed and refused to believe—that everything, always, collectively, had been moving toward that purified shape latent in the sky, that shape of no surprise, no second chance, no return. Yet they do move forever under it, reserved for its own black-and-white bad news certainly as if it were the rainbow, and they its children. . . ."," Maker MCC (Matsusaka Iron Works)  Model number TWMA-260  Total length 262mm  Opening size 0-70mm  Weight 280g  Material aluminum alloy  Aluminum alloy that is difficult to scratch   Because the warm is removed from the main unit, quick size is possible.  You can work with Tsurichi for the mounting nut. ",200,500,3900,2407,3,https://www.esco-net.com/wcs/escort/ItemFile/EA5/EA530/EA530ZD-1/EA530ZD-1_IMG_WEB_OUT(01).jpg,https://www.esco-net.com/wcs/escort/ItemFile/EA3/EA339/EA339GA-11/EA339GA-11_IMG_WEB_OUT(01).jpg,https://www.esco-net.com/wcs/escort/ItemFile/EA3/EA339/EA339GA-11/EA339GA-11_IMG_WEB_OUT(01).jpg
10250,EA530ZC-2,76mm/280mm motor wrench,COOPER TOOLS ,-,-,Tool sets,,,,China,-,"But it is a curve each of them feels, unmistakably. It is the parabola. They must have guessed, once or twice—guessed and refused to believe—that everything, always, collectively, had been moving toward that purified shape latent in the sky, that shape of no surprise, no second chance, no return. Yet they do move forever under it, reserved for its own black-and-white bad news certainly as if it were the rainbow, and they its children. . . ."," Maker MCC (Matsusaka Iron Works)  Model number TWMA-260  Total length 262mm  Opening size 0-70mm  Weight 280g  Material aluminum alloy  Aluminum alloy that is difficult to scratch   Because the warm is removed from the main unit, quick size is possible.  You can work with Tsurichi for the mounting nut. ",200,500,11300,2408,3,https://www.esco-net.com/wcs/escort/ItemFile/EA5/EA530/EA530ZC-2/EA530ZC-2_IMG_WEB_OUT(01).jpg,https://www.esco-net.com/wcs/escort/ItemFile/EA3/EA339/EA339GA-11/EA339GA-11_IMG_WEB_OUT(01).jpg,https://www.esco-net.com/wcs/escort/ItemFile/EA3/EA339/EA339GA-11/EA339GA-11_IMG_WEB_OUT(01).jpg
10251,EA530ZB-11,16mm-68mm/242mm motor wrench (made of alloy alloy),TOP,-,-,Tool sets,,,,Japan,-,"But it is a curve each of them feels, unmistakably. It is the parabola. They must have guessed, once or twice—guessed and refused to believe—that everything, always, collectively, had been moving toward that purified shape latent in the sky, that shape of no surprise, no second chance, no return. Yet they do move forever under it, reserved for its own black-and-white bad news certainly as if it were the rainbow, and they its children. . . ."," Maker MCC (Matsusaka Iron Works)  Model number TWMA-260  Total length 262mm  Opening size 0-70mm  Weight 280g  Material aluminum alloy  Aluminum alloy that is difficult to scratch   Because the warm is removed from the main unit, quick size is possible.  You can work with Tsurichi for the mounting nut. ",200,500,4540,2409,3,https://www.esco-net.com/wcs/escort/ItemFile/EA5/EA530/EA530ZB-11/EA530ZB-11_IMG_WEB_OUT(01).jpg,https://www.esco-net.com/wcs/escort/ItemFile/EA3/EA339/EA339GA-11/EA339GA-11_IMG_WEB_OUT(01).jpg,https://www.esco-net.com/wcs/escort/ItemFile/EA3/EA339/EA339GA-11/EA339GA-11_IMG_WEB_OUT(01).jpg
10252,EA546DL-14,82mm/350mm Formed type Wide Press (aluminity),TOP,-,-,Tool sets,,,,Japan,-,"But it is a curve each of them feels, unmistakably. It is the parabola. They must have guessed, once or twice—guessed and refused to believe—that everything, always, collectively, had been moving toward that purified shape latent in the sky, that shape of no surprise, no second chance, no return. Yet they do move forever under it, reserved for its own black-and-white bad news certainly as if it were the rainbow, and they its children. . . ."," Maker MCC (Matsusaka Iron Works)  Model number TWMA-260  Total length 262mm  Opening size 0-70mm  Weight 280g  Material aluminum alloy  Aluminum alloy that is difficult to scratch   Because the warm is removed from the main unit, quick size is possible.  You can work with Tsurichi for the mounting nut. ",200,500,13000,2410,3,https://www.esco-net.com/wcs/escort/ItemFile/EA5/EA546/EA546DL-14/EA546DL-14_IMG_WEB_OUT(01).jpg,https://www.esco-net.com/wcs/escort/ItemFile/EA3/EA339/EA339GA-11/EA339GA-11_IMG_WEB_OUT(01).jpg,https://www.esco-net.com/wcs/escort/ItemFile/EA3/EA339/EA339GA-11/EA339GA-11_IMG_WEB_OUT(01).jpg
10253,EA546BD-200B,34mm/200mm pipe wrench,TOP,-,-,Tool sets,,,,Japan,-,"But it is a curve each of them feels, unmistakably. It is the parabola. They must have guessed, once or twice—guessed and refused to believe—that everything, always, collectively, had been moving toward that purified shape latent in the sky, that shape of no surprise, no second chance, no return. Yet they do move forever under it, reserved for its own black-and-white bad news certainly as if it were the rainbow, and they its children. . . ."," Maker MCC (Matsusaka Iron Works)  Model number TWMA-260  Total length 262mm  Opening size 0-70mm  Weight 280g  Material aluminum alloy  Aluminum alloy that is difficult to scratch   Because the warm is removed from the main unit, quick size is possible.  You can work with Tsurichi for the mounting nut. ",200,500,3780,2411,3,https://www.esco-net.com/wcs/escort/ItemFile/EA5/EA546/EA546BD-200B/EA546BD-200B_IMG_WEB_OUT(01).jpg,https://www.esco-net.com/wcs/escort/ItemFile/EA3/EA339/EA339GA-11/EA339GA-11_IMG_WEB_OUT(01).jpg,https://www.esco-net.com/wcs/escort/ItemFile/EA3/EA339/EA339GA-11/EA339GA-11_IMG_WEB_OUT(01).jpg
10254,EA546WF-4,430mm flange wrench,MCC,-,-,Tool sets,,,,Japan,-,"But it is a curve each of them feels, unmistakably. It is the parabola. They must have guessed, once or twice—guessed and refused to believe—that everything, always, collectively, had been moving toward that purified shape latent in the sky, that shape of no surprise, no second chance, no return. Yet they do move forever under it, reserved for its own black-and-white bad news certainly as if it were the rainbow, and they its children. . . ."," Maker MCC (Matsusaka Iron Works)  Model number TWMA-260  Total length 262mm  Opening size 0-70mm  Weight 280g  Material aluminum alloy  Aluminum alloy that is difficult to scratch   Because the warm is removed from the main unit, quick size is possible.  You can work with Tsurichi for the mounting nut. ",200,500,18000,2412,3,https://www.esco-net.com/wcs/escort/ItemFile/EA5/EA546/EA546WF-4/EA546WF-4_IMG_WEB_OUT(01).jpg,https://www.esco-net.com/wcs/escort/ItemFile/EA3/EA339/EA339GA-11/EA339GA-11_IMG_WEB_OUT(01).jpg,https://www.esco-net.com/wcs/escort/ItemFile/EA3/EA339/EA339GA-11/EA339GA-11_IMG_WEB_OUT(01).jpg
10255,EA546HD-450,77mm/450mm pipe wrench (off -set type/aluminity),SUPER EGO ,-,-,Tool sets,,,,Spain,-,"But it is a curve each of them feels, unmistakably. It is the parabola. They must have guessed, once or twice—guessed and refused to believe—that everything, always, collectively, had been moving toward that purified shape latent in the sky, that shape of no surprise, no second chance, no return. Yet they do move forever under it, reserved for its own black-and-white bad news certainly as if it were the rainbow, and they its children. . . ."," Maker MCC (Matsusaka Iron Works)  Model number TWMA-260  Total length 262mm  Opening size 0-70mm  Weight 280g  Material aluminum alloy  Aluminum alloy that is difficult to scratch   Because the warm is removed from the main unit, quick size is possible.  You can work with Tsurichi for the mounting nut. ",200,500,11700,2413,3,https://www.esco-net.com/wcs/escort/ItemFile/EA5/EA546/EA546HD-450/EA546HD-450_IMG_WEB_OUT(01).jpg,https://www.esco-net.com/wcs/escort/ItemFile/EA3/EA339/EA339GA-11/EA339GA-11_IMG_WEB_OUT(01).jpg,https://www.esco-net.com/wcs/escort/ItemFile/EA3/EA339/EA339GA-11/EA339GA-11_IMG_WEB_OUT(01).jpg
10256,EA546HB-200,28mm/200mm pipe wrench,SUPER EGO,-,-,Tool sets,,,,-,-,"But it is a curve each of them feels, unmistakably. It is the parabola. They must have guessed, once or twice—guessed and refused to believe—that everything, always, collectively, had been moving toward that purified shape latent in the sky, that shape of no surprise, no second chance, no return. Yet they do move forever under it, reserved for its own black-and-white bad news certainly as if it were the rainbow, and they its children. . . ."," Maker MCC (Matsusaka Iron Works)  Model number TWMA-260  Total length 262mm  Opening size 0-70mm  Weight 280g  Material aluminum alloy  Aluminum alloy that is difficult to scratch   Because the warm is removed from the main unit, quick size is possible.  You can work with Tsurichi for the mounting nut. ",200,500,3330,2414,3,https://www.esco-net.com/wcs/escort/ItemFile/EA5/EA546/EA546HB-200/EA546HB-200_IMG_WEB_OUT(01).jpg,https://www.esco-net.com/wcs/escort/ItemFile/EA3/EA339/EA339GA-11/EA339GA-11_IMG_WEB_OUT(01).jpg,https://www.esco-net.com/wcs/escort/ItemFile/EA3/EA339/EA339GA-11/EA339GA-11_IMG_WEB_OUT(01).jpg
10257,EA643BE-30,30mm one -sided glasses wrench (Nons Parking),WEDO TOOLS,-,-,Tool sets,,,,China,-,"But it is a curve each of them feels, unmistakably. It is the parabola. They must have guessed, once or twice—guessed and refused to believe—that everything, always, collectively, had been moving toward that purified shape latent in the sky, that shape of no surprise, no second chance, no return. Yet they do move forever under it, reserved for its own black-and-white bad news certainly as if it were the rainbow, and they its children. . . ."," Maker MCC (Matsusaka Iron Works)  Model number TWMA-260  Total length 262mm  Opening size 0-70mm  Weight 280g  Material aluminum alloy  Aluminum alloy that is difficult to scratch   Because the warm is removed from the main unit, quick size is possible.  You can work with Tsurichi for the mounting nut. ",200,500,12700,2415,3,https://www.esco-net.com/wcs/escort/ItemFile/EA6/EA643/EA643BE-30/EA643BE-30_IMG_WEB_OUT(01).jpg,https://www.esco-net.com/wcs/escort/ItemFile/EA3/EA339/EA339GA-11/EA339GA-11_IMG_WEB_OUT(01).jpg,https://www.esco-net.com/wcs/escort/ItemFile/EA3/EA339/EA339GA-11/EA339GA-11_IMG_WEB_OUT(01).jpg
10258,EA643BD-7,19x22mm both mouth glasses wrench (Nons Parking),WEDO TOOLS,-,-,Tool sets,,,,China,-,"But it is a curve each of them feels, unmistakably. It is the parabola. They must have guessed, once or twice—guessed and refused to believe—that everything, always, collectively, had been moving toward that purified shape latent in the sky, that shape of no surprise, no second chance, no return. Yet they do move forever under it, reserved for its own black-and-white bad news certainly as if it were the rainbow, and they its children. . . ."," Maker MCC (Matsusaka Iron Works)  Model number TWMA-260  Total length 262mm  Opening size 0-70mm  Weight 280g  Material aluminum alloy  Aluminum alloy that is difficult to scratch   Because the warm is removed from the main unit, quick size is possible.  You can work with Tsurichi for the mounting nut. ",200,500,5030,2416,3,https://www.esco-net.com/wcs/escort/ItemFile/EA6/EA643/EA643BD-7/EA643BD-7_IMG_WEB_OUT(01).jpg,https://www.esco-net.com/wcs/escort/ItemFile/EA3/EA339/EA339GA-11/EA339GA-11_IMG_WEB_OUT(01).jpg,https://www.esco-net.com/wcs/escort/ItemFile/EA3/EA339/EA339GA-11/EA339GA-11_IMG_WEB_OUT(01).jpg
10259,EA643BC-7,27x30mm double -mouth spanner (Nons Participation/Powerful type),WEDO TOOLS,-,-,Tool sets,,,,China,-,"But it is a curve each of them feels, unmistakably. It is the parabola. They must have guessed, once or twice—guessed and refused to believe—that everything, always, collectively, had been moving toward that purified shape latent in the sky, that shape of no surprise, no second chance, no return. Yet they do move forever under it, reserved for its own black-and-white bad news certainly as if it were the rainbow, and they its children. . . ."," Maker MCC (Matsusaka Iron Works)  Model number TWMA-260  Total length 262mm  Opening size 0-70mm  Weight 280g  Material aluminum alloy  Aluminum alloy that is difficult to scratch   Because the warm is removed from the main unit, quick size is possible.  You can work with Tsurichi for the mounting nut. ",200,500,13300,2417,3,https://www.esco-net.com/wcs/escort/ItemFile/EA6/EA643/EA643BC-7/EA643BC-7_IMG_WEB_OUT(01).jpg,https://www.esco-net.com/wcs/escort/ItemFile/EA3/EA339/EA339GA-11/EA339GA-11_IMG_WEB_OUT(01).jpg,https://www.esco-net.com/wcs/escort/ItemFile/EA3/EA339/EA339GA-11/EA339GA-11_IMG_WEB_OUT(01).jpg
10260,EA723LE-18,[For EA723LE-3A] 20-88mm torque head,Top,-,-,Tool sets,,,,Japan,-,"But it is a curve each of them feels, unmistakably. It is the parabola. They must have guessed, once or twice—guessed and refused to believe—that everything, always, collectively, had been moving toward that purified shape latent in the sky, that shape of no surprise, no second chance, no return. Yet they do move forever under it, reserved for its own black-and-white bad news certainly as if it were the rainbow, and they its children. . . ."," Maker MCC (Matsusaka Iron Works)  Model number TWMA-260  Total length 262mm  Opening size 0-70mm  Weight 280g  Material aluminum alloy  Aluminum alloy that is difficult to scratch   Because the warm is removed from the main unit, quick size is possible.  You can work with Tsurichi for the mounting nut. ",200,500,23100,2418,3,https://www.esco-net.com/wcs/escort/ItemFile/EA7/EA723/EA723LE-18/EA723LE-18_IMG_WEB_OUT(01).jpg,https://www.esco-net.com/wcs/escort/ItemFile/EA3/EA339/EA339GA-11/EA339GA-11_IMG_WEB_OUT(01).jpg,https://www.esco-net.com/wcs/escort/ItemFile/EA3/EA339/EA339GA-11/EA339GA-11_IMG_WEB_OUT(01).jpg
10261,EA758HA-39,3W/ 600LM [Charging] Operation Light/ LED (Explosion -proof),Hataya ltd,-,-,Tool sets,,,,Japan,-,"But it is a curve each of them feels, unmistakably. It is the parabola. They must have guessed, once or twice—guessed and refused to believe—that everything, always, collectively, had been moving toward that purified shape latent in the sky, that shape of no surprise, no second chance, no return. Yet they do move forever under it, reserved for its own black-and-white bad news certainly as if it were the rainbow, and they its children. . . ."," Maker MCC (Matsusaka Iron Works)  Model number TWMA-260  Total length 262mm  Opening size 0-70mm  Weight 280g  Material aluminum alloy  Aluminum alloy that is difficult to scratch   Because the warm is removed from the main unit, quick size is possible.  You can work with Tsurichi for the mounting nut. ",200,500,53000,2419,3,https://www.esco-net.com/wcs/escort/ItemFile/EA7/EA758/EA758HA-39/EA758HA-39_IMG_WEB_OUT(01).jpg,https://www.esco-net.com/wcs/escort/ItemFile/EA3/EA339/EA339GA-11/EA339GA-11_IMG_WEB_OUT(01).jpg,https://www.esco-net.com/wcs/escort/ItemFile/EA3/EA339/EA339GA-11/EA339GA-11_IMG_WEB_OUT(01).jpg
10262,EA758HA-34,[AA/3x3] Flashlight/LED (explosion -proof),Hataya ltd,-,-,Tool sets,,,,Japan,-,"But it is a curve each of them feels, unmistakably. It is the parabola. They must have guessed, once or twice—guessed and refused to believe—that everything, always, collectively, had been moving toward that purified shape latent in the sky, that shape of no surprise, no second chance, no return. Yet they do move forever under it, reserved for its own black-and-white bad news certainly as if it were the rainbow, and they its children. . . ."," Maker MCC (Matsusaka Iron Works)  Model number TWMA-260  Total length 262mm  Opening size 0-70mm  Weight 280g  Material aluminum alloy  Aluminum alloy that is difficult to scratch   Because the warm is removed from the main unit, quick size is possible.  You can work with Tsurichi for the mounting nut. ",200,500,18500,2420,3,https://www.esco-net.com/wcs/escort/ItemFile/EA7/EA758/EA758HA-34/EA758HA-34_IMG_WEB_OUT(01).jpg,https://www.esco-net.com/wcs/escort/ItemFile/EA3/EA339/EA339GA-11/EA339GA-11_IMG_WEB_OUT(01).jpg,https://www.esco-net.com/wcs/escort/ItemFile/EA3/EA339/EA339GA-11/EA339GA-11_IMG_WEB_OUT(01).jpg
10263,EA758HA-32,[AA 1x3] Work Light/LED (explosion -proof type),Hataya ltd,-,-,Tool sets,,,,Japan,-,"But it is a curve each of them feels, unmistakably. It is the parabola. They must have guessed, once or twice—guessed and refused to believe—that everything, always, collectively, had been moving toward that purified shape latent in the sky, that shape of no surprise, no second chance, no return. Yet they do move forever under it, reserved for its own black-and-white bad news certainly as if it were the rainbow, and they its children. . . ."," Maker MCC (Matsusaka Iron Works)  Model number TWMA-260  Total length 262mm  Opening size 0-70mm  Weight 280g  Material aluminum alloy  Aluminum alloy that is difficult to scratch   Because the warm is removed from the main unit, quick size is possible.  You can work with Tsurichi for the mounting nut. ",200,500,36200,2421,3,https://www.esco-net.com/wcs/escort/ItemFile/EA7/EA758/EA758HA-32/EA758HA-32_IMG_WEB_OUT(01).jpg,https://www.esco-net.com/wcs/escort/ItemFile/EA3/EA339/EA339GA-11/EA339GA-11_IMG_WEB_OUT(01).jpg,https://www.esco-net.com/wcs/escort/ItemFile/EA3/EA339/EA339GA-11/EA339GA-11_IMG_WEB_OUT(01).jpg
10264,EA758HA-31,[A single 1x3] Work Light/LED (explosion -proof/marine specification),Hataya ltd,-,-,Tool sets,,,,Japan,-,"But it is a curve each of them feels, unmistakably. It is the parabola. They must have guessed, once or twice—guessed and refused to believe—that everything, always, collectively, had been moving toward that purified shape latent in the sky, that shape of no surprise, no second chance, no return. Yet they do move forever under it, reserved for its own black-and-white bad news certainly as if it were the rainbow, and they its children. . . ."," Maker MCC (Matsusaka Iron Works)  Model number TWMA-260  Total length 262mm  Opening size 0-70mm  Weight 280g  Material aluminum alloy  Aluminum alloy that is difficult to scratch   Because the warm is removed from the main unit, quick size is possible.  You can work with Tsurichi for the mounting nut. ",200,500,60400,2422,3,https://www.esco-net.com/wcs/escort/ItemFile/EA7/EA758/EA758HA-31/EA758HA-31_IMG_WEB_OUT(01).jpg,https://www.esco-net.com/wcs/escort/ItemFile/EA3/EA339/EA339GA-11/EA339GA-11_IMG_WEB_OUT(01).jpg,https://www.esco-net.com/wcs/escort/ItemFile/EA3/EA339/EA339GA-11/EA339GA-11_IMG_WEB_OUT(01).jpg
10265,EA338EA-2B,Replacement blade (for EA338EA-2/1 sheet),EDMA [Edoma],-,-,Repair tools,,,,France,-,"But it is a curve each of them feels, unmistakably. It is the parabola. They must have guessed, once or twice—guessed and refused to believe—that everything, always, collectively, had been moving toward that purified shape latent in the sky, that shape of no surprise, no second chance, no return. Yet they do move forever under it, reserved for its own black-and-white bad news certainly as if it were the rainbow, and they its children. . . ."," Maker MCC (Matsusaka Iron Works)  Model number TWMA-260  Total length 262mm  Opening size 0-70mm  Weight 280g  Material aluminum alloy  Aluminum alloy that is difficult to scratch   Because the warm is removed from the main unit, quick size is possible.  You can work with Tsurichi for the mounting nut. ",200,500,2260,2423,3,https://www.esco-net.com/wcs/escort/ItemFile/EA3/EA338/EA338EA-2B/EA338EA-2B_IMG_WEB_OUT(01).jpg,https://www.esco-net.com/wcs/escort/ItemFile/EA3/EA339/EA339GA-11/EA339GA-11_IMG_WEB_OUT(01).jpg,https://www.esco-net.com/wcs/escort/ItemFile/EA3/EA339/EA339GA-11/EA339GA-11_IMG_WEB_OUT(01).jpg
10266,EA338EA-1,240mm mall cutter,EDMA [Edoma],-,-,Repair tools,,,,-,-,"But it is a curve each of them feels, unmistakably. It is the parabola. They must have guessed, once or twice—guessed and refused to believe—that everything, always, collectively, had been moving toward that purified shape latent in the sky, that shape of no surprise, no second chance, no return. Yet they do move forever under it, reserved for its own black-and-white bad news certainly as if it were the rainbow, and they its children. . . ."," Maker MCC (Matsusaka Iron Works)  Model number TWMA-260  Total length 262mm  Opening size 0-70mm  Weight 280g  Material aluminum alloy  Aluminum alloy that is difficult to scratch   Because the warm is removed from the main unit, quick size is possible.  You can work with Tsurichi for the mounting nut. ",200,500,5480,2424,3,https://www.esco-net.com/wcs/escort/ItemFile/EA3/EA338/EA338EA-1/EA338EA-1_IMG_WEB_OUT(01).jpg,https://www.esco-net.com/wcs/escort/ItemFile/EA3/EA339/EA339GA-11/EA339GA-11_IMG_WEB_OUT(01).jpg,https://www.esco-net.com/wcs/escort/ItemFile/EA3/EA339/EA339GA-11/EA339GA-11_IMG_WEB_OUT(01).jpg
10267,EA530H-200,200mm/30mm Monkey Lench (insulated glass),IREGA [Eiraga],-,-,Repair tools,,,,Spain,-,"But it is a curve each of them feels, unmistakably. It is the parabola. They must have guessed, once or twice—guessed and refused to believe—that everything, always, collectively, had been moving toward that purified shape latent in the sky, that shape of no surprise, no second chance, no return. Yet they do move forever under it, reserved for its own black-and-white bad news certainly as if it were the rainbow, and they its children. . . ."," Maker MCC (Matsusaka Iron Works)  Model number TWMA-260  Total length 262mm  Opening size 0-70mm  Weight 280g  Material aluminum alloy  Aluminum alloy that is difficult to scratch   Because the warm is removed from the main unit, quick size is possible.  You can work with Tsurichi for the mounting nut. ",200,500,4590,2425,3,https://www.esco-net.com/wcs/escort/ItemFile/EA5/EA530/EA530H-200/EA530H-200_IMG_WEB_OUT(01).jpg,https://www.esco-net.com/wcs/escort/ItemFile/EA3/EA339/EA339GA-11/EA339GA-11_IMG_WEB_OUT(01).jpg,https://www.esco-net.com/wcs/escort/ItemFile/EA3/EA339/EA339GA-11/EA339GA-11_IMG_WEB_OUT(01).jpg
10268,EA527AE-1B,[For EA527AE-1] replacement blade,Minor Industries [stock],-,-,Repair tools,,,,Japan,-,"But it is a curve each of them feels, unmistakably. It is the parabola. They must have guessed, once or twice—guessed and refused to believe—that everything, always, collectively, had been moving toward that purified shape latent in the sky, that shape of no surprise, no second chance, no return. Yet they do move forever under it, reserved for its own black-and-white bad news certainly as if it were the rainbow, and they its children. . . ."," Maker MCC (Matsusaka Iron Works)  Model number TWMA-260  Total length 262mm  Opening size 0-70mm  Weight 280g  Material aluminum alloy  Aluminum alloy that is difficult to scratch   Because the warm is removed from the main unit, quick size is possible.  You can work with Tsurichi for the mounting nut. ",200,500,2450,2426,3,https://www.esco-net.com/wcs/escort/ItemFile/EA5/EA527/EA527AE-1B/EA527AE-1B_IMG_WEB_OUT(01).jpg,https://www.esco-net.com/wcs/escort/ItemFile/EA3/EA339/EA339GA-11/EA339GA-11_IMG_WEB_OUT(01).jpg,https://www.esco-net.com/wcs/escort/ItemFile/EA3/EA339/EA339GA-11/EA339GA-11_IMG_WEB_OUT(01).jpg
10269,EA527AB-2A,[For EA527AB-2] replacement blade,Fujiya [stock],-,-,Repair tools,,,,Japan,-,"But it is a curve each of them feels, unmistakably. It is the parabola. They must have guessed, once or twice—guessed and refused to believe—that everything, always, collectively, had been moving toward that purified shape latent in the sky, that shape of no surprise, no second chance, no return. Yet they do move forever under it, reserved for its own black-and-white bad news certainly as if it were the rainbow, and they its children. . . ."," Maker MCC (Matsusaka Iron Works)  Model number TWMA-260  Total length 262mm  Opening size 0-70mm  Weight 280g  Material aluminum alloy  Aluminum alloy that is difficult to scratch   Because the warm is removed from the main unit, quick size is possible.  You can work with Tsurichi for the mounting nut. ",200,500,5230,2427,3,https://www.esco-net.com/wcs/escort/ItemFile/EA5/EA527/EA527AB-2A/EA527AB-2A_IMG_WEB_OUT(01).jpg,https://www.esco-net.com/wcs/escort/ItemFile/EA3/EA339/EA339GA-11/EA339GA-11_IMG_WEB_OUT(01).jpg,https://www.esco-net.com/wcs/escort/ItemFile/EA3/EA339/EA339GA-11/EA339GA-11_IMG_WEB_OUT(01).jpg
10270,EA527AA-6,[EA527AA-1 for],Koyama knife factory,-,-,Repair tools,,,,Japan,-,"But it is a curve each of them feels, unmistakably. It is the parabola. They must have guessed, once or twice—guessed and refused to believe—that everything, always, collectively, had been moving toward that purified shape latent in the sky, that shape of no surprise, no second chance, no return. Yet they do move forever under it, reserved for its own black-and-white bad news certainly as if it were the rainbow, and they its children. . . ."," Maker MCC (Matsusaka Iron Works)  Model number TWMA-260  Total length 262mm  Opening size 0-70mm  Weight 280g  Material aluminum alloy  Aluminum alloy that is difficult to scratch   Because the warm is removed from the main unit, quick size is possible.  You can work with Tsurichi for the mounting nut. ",200,500,12400,2428,3,https://www.esco-net.com/wcs/escort/ItemFile/EA5/EA527/EA527AA-6/EA527AA-6_IMG_WEB_OUT(01).jpg,https://www.esco-net.com/wcs/escort/ItemFile/EA3/EA339/EA339GA-11/EA339GA-11_IMG_WEB_OUT(01).jpg,https://www.esco-net.com/wcs/escort/ItemFile/EA3/EA339/EA339GA-11/EA339GA-11_IMG_WEB_OUT(01).jpg
10271,EA527AA-23,[EA527AA-21] for fixed blade,Koyama knife factory,-,-,Repair tools,,,,Japan,-,"But it is a curve each of them feels, unmistakably. It is the parabola. They must have guessed, once or twice—guessed and refused to believe—that everything, always, collectively, had been moving toward that purified shape latent in the sky, that shape of no surprise, no second chance, no return. Yet they do move forever under it, reserved for its own black-and-white bad news certainly as if it were the rainbow, and they its children. . . ."," Maker MCC (Matsusaka Iron Works)  Model number TWMA-260  Total length 262mm  Opening size 0-70mm  Weight 280g  Material aluminum alloy  Aluminum alloy that is difficult to scratch   Because the warm is removed from the main unit, quick size is possible.  You can work with Tsurichi for the mounting nut. ",200,500,18700,2429,3,https://www.esco-net.com/wcs/escort/ItemFile/EA5/EA527/EA527AA-23/EA527AA-23_IMG_WEB_OUT(01).jpg,https://www.esco-net.com/wcs/escort/ItemFile/EA3/EA339/EA339GA-11/EA339GA-11_IMG_WEB_OUT(01).jpg,https://www.esco-net.com/wcs/escort/ItemFile/EA3/EA339/EA339GA-11/EA339GA-11_IMG_WEB_OUT(01).jpg
10272,EA338KP-1,205mm mall cutter,Kowa Chemical [stock],-,-,Repair tools,,,,Japan,-,"But it is a curve each of them feels, unmistakably. It is the parabola. They must have guessed, once or twice—guessed and refused to believe—that everything, always, collectively, had been moving toward that purified shape latent in the sky, that shape of no surprise, no second chance, no return. Yet they do move forever under it, reserved for its own black-and-white bad news certainly as if it were the rainbow, and they its children. . . ."," Maker MCC (Matsusaka Iron Works)  Model number TWMA-260  Total length 262mm  Opening size 0-70mm  Weight 280g  Material aluminum alloy  Aluminum alloy that is difficult to scratch   Because the warm is removed from the main unit, quick size is possible.  You can work with Tsurichi for the mounting nut. ",200,500,9180,2430,3,https://www.esco-net.com/wcs/escort/ItemFile/EA3/EA338/EA338LA-1/EA338LA-1_IMG_WEB_OUT(01).jpg,https://www.esco-net.com/wcs/escort/ItemFile/EA3/EA339/EA339GA-11/EA339GA-11_IMG_WEB_OUT(01).jpg,https://www.esco-net.com/wcs/escort/ItemFile/EA3/EA339/EA339GA-11/EA339GA-11_IMG_WEB_OUT(01).jpg
10273,EA532DG-160,160mm Screw Pliers (Nejiza Villes/OD color),[Stock] Engineer,-,-,Repair tools,,,,Japan,-,"But it is a curve each of them feels, unmistakably. It is the parabola. They must have guessed, once or twice—guessed and refused to believe—that everything, always, collectively, had been moving toward that purified shape latent in the sky, that shape of no surprise, no second chance, no return. Yet they do move forever under it, reserved for its own black-and-white bad news certainly as if it were the rainbow, and they its children. . . ."," Maker MCC (Matsusaka Iron Works)  Model number TWMA-260  Total length 262mm  Opening size 0-70mm  Weight 280g  Material aluminum alloy  Aluminum alloy that is difficult to scratch   Because the warm is removed from the main unit, quick size is possible.  You can work with Tsurichi for the mounting nut. ",200,500,3250,2431,3,https://www.esco-net.com/wcs/escort/ItemFile/EA5/EA532/EA532DG-160/EA532DG-160_IMG_WEB_OUT(01).jpg,https://www.esco-net.com/wcs/escort/ItemFile/EA3/EA339/EA339GA-11/EA339GA-11_IMG_WEB_OUT(01).jpg,https://www.esco-net.com/wcs/escort/ItemFile/EA3/EA339/EA339GA-11/EA339GA-11_IMG_WEB_OUT(01).jpg
10274,EA532DF-190,190mm [Radio Pench type] Nejizaurus,[Stock] Engineer,-,-,Repair tools,,,,Japan,-,"But it is a curve each of them feels, unmistakably. It is the parabola. They must have guessed, once or twice—guessed and refused to believe—that everything, always, collectively, had been moving toward that purified shape latent in the sky, that shape of no surprise, no second chance, no return. Yet they do move forever under it, reserved for its own black-and-white bad news certainly as if it were the rainbow, and they its children. . . ."," Maker MCC (Matsusaka Iron Works)  Model number TWMA-260  Total length 262mm  Opening size 0-70mm  Weight 280g  Material aluminum alloy  Aluminum alloy that is difficult to scratch   Because the warm is removed from the main unit, quick size is possible.  You can work with Tsurichi for the mounting nut. ",200,500,3120,2432,3,https://www.esco-net.com/wcs/escort/ItemFile/EA5/EA532/EA532DF-190/EA532DF-190_IMG_WEB_OUT(01).jpg,https://www.esco-net.com/wcs/escort/ItemFile/EA3/EA339/EA339GA-11/EA339GA-11_IMG_WEB_OUT(01).jpg,https://www.esco-net.com/wcs/escort/ItemFile/EA3/EA339/EA339GA-11/EA339GA-11_IMG_WEB_OUT(01).jpg
10275,EA532DE-22,Screw pliers set,[Stock] Engineer,-,-,Repair tools,,,,Japan,-,"But it is a curve each of them feels, unmistakably. It is the parabola. They must have guessed, once or twice—guessed and refused to believe—that everything, always, collectively, had been moving toward that purified shape latent in the sky, that shape of no surprise, no second chance, no return. Yet they do move forever under it, reserved for its own black-and-white bad news certainly as if it were the rainbow, and they its children. . . ."," Maker MCC (Matsusaka Iron Works)  Model number TWMA-260  Total length 262mm  Opening size 0-70mm  Weight 280g  Material aluminum alloy  Aluminum alloy that is difficult to scratch   Because the warm is removed from the main unit, quick size is possible.  You can work with Tsurichi for the mounting nut. ",200,500,9550,2433,3,https://www.esco-net.com/wcs/escort/ItemFile/EA5/EA532/EA532DE-22/EA532DE-22_IMG_WEB_OUT(01).jpg,https://www.esco-net.com/wcs/escort/ItemFile/EA3/EA339/EA339GA-11/EA339GA-11_IMG_WEB_OUT(01).jpg,https://www.esco-net.com/wcs/escort/ItemFile/EA3/EA339/EA339GA-11/EA339GA-11_IMG_WEB_OUT(01).jpg
10276,EA532DE-21,Screw pliers set,[Stock] Engineer,-,-,Repair tools,,,,Japan,-,"But it is a curve each of them feels, unmistakably. It is the parabola. They must have guessed, once or twice—guessed and refused to believe—that everything, always, collectively, had been moving toward that purified shape latent in the sky, that shape of no surprise, no second chance, no return. Yet they do move forever under it, reserved for its own black-and-white bad news certainly as if it were the rainbow, and they its children. . . ."," Maker MCC (Matsusaka Iron Works)  Model number TWMA-260  Total length 262mm  Opening size 0-70mm  Weight 280g  Material aluminum alloy  Aluminum alloy that is difficult to scratch   Because the warm is removed from the main unit, quick size is possible.  You can work with Tsurichi for the mounting nut. ",200,500,14800,2434,3,https://www.esco-net.com/wcs/escort/ItemFile/EA5/EA532/EA532DE-21/EA532DE-21_IMG_WEB_OUT(01).jpg,https://www.esco-net.com/wcs/escort/ItemFile/EA3/EA339/EA339GA-11/EA339GA-11_IMG_WEB_OUT(01).jpg,https://www.esco-net.com/wcs/escort/ItemFile/EA3/EA339/EA339GA-11/EA339GA-11_IMG_WEB_OUT(01).jpg
10277,EA532DE-20,Screw pliers set,[Stock] Engineer,-,-,Repair tools,,,,Japan,-,"But it is a curve each of them feels, unmistakably. It is the parabola. They must have guessed, once or twice—guessed and refused to believe—that everything, always, collectively, had been moving toward that purified shape latent in the sky, that shape of no surprise, no second chance, no return. Yet they do move forever under it, reserved for its own black-and-white bad news certainly as if it were the rainbow, and they its children. . . ."," Maker MCC (Matsusaka Iron Works)  Model number TWMA-260  Total length 262mm  Opening size 0-70mm  Weight 280g  Material aluminum alloy  Aluminum alloy that is difficult to scratch   Because the warm is removed from the main unit, quick size is possible.  You can work with Tsurichi for the mounting nut. ",200,500,7200,2435,3,https://www.esco-net.com/wcs/escort/ItemFile/EA5/EA532/EA532DE-20/EA532DE-20_IMG_WEB_OUT(01).jpg,https://www.esco-net.com/wcs/escort/ItemFile/EA3/EA339/EA339GA-11/EA339GA-11_IMG_WEB_OUT(01).jpg,https://www.esco-net.com/wcs/escort/ItemFile/EA3/EA339/EA339GA-11/EA339GA-11_IMG_WEB_OUT(01).jpg
10278,EA532DE-10,Prior scissors,[Stock] Engineer,-,-,Repair tools,,,,Japan,-,"But it is a curve each of them feels, unmistakably. It is the parabola. They must have guessed, once or twice—guessed and refused to believe—that everything, always, collectively, had been moving toward that purified shape latent in the sky, that shape of no surprise, no second chance, no return. Yet they do move forever under it, reserved for its own black-and-white bad news certainly as if it were the rainbow, and they its children. . . ."," Maker MCC (Matsusaka Iron Works)  Model number TWMA-260  Total length 262mm  Opening size 0-70mm  Weight 280g  Material aluminum alloy  Aluminum alloy that is difficult to scratch   Because the warm is removed from the main unit, quick size is possible.  You can work with Tsurichi for the mounting nut. ",200,500,5780,2436,3,https://www.esco-net.com/wcs/escort/ItemFile/EA5/EA532/EA532DE-10/EA532DE-10_IMG_WEB_OUT(01).jpg,https://www.esco-net.com/wcs/escort/ItemFile/EA3/EA339/EA339GA-11/EA339GA-11_IMG_WEB_OUT(01).jpg,https://www.esco-net.com/wcs/escort/ItemFile/EA3/EA339/EA339GA-11/EA339GA-11_IMG_WEB_OUT(01).jpg
